"cluster","ASV","short_name","mean_in","mean_out","ratio","padj"
"A1","Parvibaculales (100); OCS116_clade (100); OCS116_clade_ge (100); ESV_376","OCS116_clade_ge (100); ESV_376",0.007706,0.001767,4.4,0.00617
"A1","Cellvibrionales (100); Porticoccaceae (100); SAR92_clade (100); ESV_58","SAR92_clade (100); ESV_58",0.047814,0.013333,3.6,0.000197
"A1","Rhodobacterales (100); Rhodobacteraceae (100); Sulfitobacter (99); ESV_26","Sulfitobacter (99); ESV_26",0.112737,0.040211,2.8,0.011
"A1","Rhodobacterales (100); Rhodobacteraceae (100); Amylibacter (88); ESV_14","Amylibacter (88); ESV_14",0.031511,0.015012,2.1,0.00758
"A2","Frankiales (68); Sporichthyaceae (64); hgcI_clade (43); ESV_3032","hgcI_clade (43); ESV_3032",0.000271,0,272.1,1.36e-07
"A2","Cellvibrionales (65); Spongiibacteraceae (53); BD1-7_clade (30); ESV_5213","BD1-7_clade (30); ESV_5213",0.002748,3.5e-05,75.5,0.00129
"A2","SAR86_clade (100); SAR86_clade_fa (100); SAR86_clade_ge (100); ESV_757","SAR86_clade_ge (100); ESV_757",0.007576,0.000126,59.7,0.000154
"A2","SAR86_clade (100); SAR86_clade_fa (100); SAR86_clade_ge (100); ESV_3710","SAR86_clade_ge (100); ESV_3710",0.00961,0.000206,46.4,0.000239
"A2","Parvibaculales (79); Parvibaculaceae (78); uncultured (78); ESV_1091","uncultured (78); ESV_1091",0.003436,7.7e-05,44.1,0.00768
"A2","uncultured (53); uncultured_fa (53); uncultured_ge (53); ESV_804","uncultured_ge (53); ESV_804",0.004661,0.000107,43.3,3.94e-08
"A2","Oceanospirillales (76); Pseudohongiellaceae (62); Pseudohongiella (62); ESV_9297","Pseudohongiella (62); ESV_9297",0.001375,3.8e-05,35.4,0.00139
"A2","Rhodobacterales (100); Rhodobacteraceae (100); Octadecabacter (100); ESV_1423","Octadecabacter (100); ESV_1423",0.000811,3.7e-05,21.3,0.00925
"A2","Rhodobacterales (100); Rhodobacteraceae (100); uncultured (98); ESV_2023","uncultured (98); ESV_2023",0.000682,3.4e-05,19.7,0.00139
"A2","Puniceispirillales (91); uncultured (90); uncultured_ge (90); ESV_2225","uncultured_ge (90); ESV_2225",0.000296,1.5e-05,18.6,0.0098
"B1","Chitinivibrionales (18); Chitinivibrionaceae (18); Chitinivibrio (18); ESV_9969","Chitinivibrio (18); ESV_9969",0.000509,4e-06,108.6,6.26e-07
"B1","Cellvibrionales (92); Cellvibrionaceae (88); Cellvibrionaceae_ge (13); ESV_11272","Cellvibrionaceae_ge (13); ESV_11272",0.000153,5e-06,26.8,0.00308
"B1","Flavobacteriales (100); NS9_marine_group (100); NS9_marine_group_ge (100); ESV_338","NS9_marine_group_ge (100); ESV_338",0.000481,2.3e-05,20.5,1.09e-05
"B1","Flavobacteriales (100); Crocinitomicaceae (100); Fluviicola (80); ESV_1629","Fluviicola (80); ESV_1629",0.000986,5.4e-05,17.9,0.00931
"B1","Flavobacteriales (100); Flavobacteriaceae (100); Lutimonas (100); ESV_3021","Lutimonas (100); ESV_3021",0.000566,3.5e-05,15.6,0.0198
"B1","Rhodobacterales (100); Rhodobacteraceae (100); Litoreibacter (98); ESV_653","Litoreibacter (98); ESV_653",0.001136,9.1e-05,12.3,0.0025
"B1","Bacteroidales (100); Marinifilaceae (100); uncultured (100); ESV_4665","uncultured (100); ESV_4665",0.000367,3.2e-05,11.1,0.00038
"B1","Flavobacteriales (76); NS9_marine_group (33); NS9_marine_group_ge (33); ESV_10064","NS9_marine_group_ge (33); ESV_10064",0.00024,2.2e-05,10.6,0.00273
"B1","Flavobacteriales (100); NS7_marine_group (100); NS7_marine_group_ge (100); ESV_777","NS7_marine_group_ge (100); ESV_777",0.001226,0.000193,6.3,2.6e-09
"B1","Desulfuromonadales (100); Sva1033 (100); Sva1033_ge (100); ESV_278","Sva1033_ge (100); ESV_278",0.001026,0.000192,5.3,4.48e-06
"B2a","Flavobacteriales (100); Flavobacteriaceae (100); Polaribacter_3 (65); ESV_1036","Polaribacter_3 (65); ESV_1036",0.002903,0,2904.1,9.04e-11
"B2a","Flavobacteriales (100); Flavobacteriaceae (100); uncultured (100); ESV_4334","uncultured (100); ESV_4334",0.000968,4e-06,178.1,6.26e-07
"B2a","Flavobacteriales (99); NS9_marine_group (88); NS9_marine_group_ge (88); ESV_6004","NS9_marine_group_ge (88); ESV_6004",0.000907,6e-06,131.6,0.00308
"B2a","Oceanospirillales (100); Pseudohongiellaceae (100); Pseudohongiella (100); ESV_9385","Pseudohongiella (100); ESV_9385",0.000488,1.1e-05,39.4,0.00308
"B2a","Flavobacteriales (100); Crocinitomicaceae (100); Crocinitomix (100); ESV_4802","Crocinitomix (100); ESV_4802",8.3e-05,3e-06,22.7,0.00332
"B2a","Flavobacteriales (100); Flavobacteriaceae (100); Polaribacter_1 (70); ESV_196","Polaribacter_1 (70); ESV_196",0.019235,0.001475,13,2.85e-10
"B2a","Chitinophagales (94); Saprospiraceae (94); Rubidimonas (70); ESV_2698","Rubidimonas (70); ESV_2698",0.000712,6.1e-05,11.5,0.000316
"B2a","Cellvibrionales (100); Porticoccaceae (100); SAR92_clade (100); ESV_361","SAR92_clade (100); ESV_361",0.007587,0.000955,7.9,1.34e-07
"B2a","OM182_clade (100); OM182_clade_fa (100); OM182_clade_ge (100); ESV_1503","OM182_clade_ge (100); ESV_1503",0.008147,0.001065,7.6,7.46e-14
"B2a","B2M28 (97); B2M28_fa (97); B2M28_ge (97); ESV_1353","B2M28_ge (97); ESV_1353",0.000283,3.7e-05,7.5,0.0207
"B2b","Flavobacteriales (100); Flavobacteriaceae (100); Polaribacter_1 (96); ESV_717","Polaribacter_1 (96); ESV_717",0.000343,0,344.1,0.00017
"B2b","Rhodobacterales (100); Rhodobacteraceae (100); Sulfitobacter (99); ESV_597","Sulfitobacter (99); ESV_597",0.000965,5.2e-05,18.2,0.000193
"B2b","Desulfobacterales (100); Desulfobulbaceae (100); Desulforhopalus (85); ESV_2058","Desulforhopalus (85); ESV_2058",0.00026,2.1e-05,12,0.0136
"B2b","Campylobacterales (100); Arcobacteraceae (100); Arcobacter (100); ESV_2621","Arcobacter (100); ESV_2621",0.00033,3.9e-05,8.2,0.00547
"B2b","Flavobacteriales (100); Flavobacteriaceae (100); Polaribacter (93); ESV_354","Polaribacter (93); ESV_354",0.001146,0.000169,6.7,0.0013
"B2b","Cellvibrionales (100); Spongiibacteraceae (100); BD1-7_clade (100); ESV_1132","BD1-7_clade (100); ESV_1132",0.000216,3.2e-05,6.5,0.0136
"B2b","Flavobacteriales (100); Flavobacteriaceae (100); Polaribacter_1 (90); ESV_322","Polaribacter_1 (90); ESV_322",0.009418,0.001522,6.2,1.14e-09
"B2b","Sphingobacteriales (100); NS11-12_marine_group (100); NS11-12_marine_group_ge (100); ESV_709","NS11-12_marine_group_ge (100); ESV_709",0.010619,0.001854,5.7,2.04e-10
"B2b","Flavobacteriales (100); Flavobacteriaceae (100); NS4_marine_group (100); ESV_622","NS4_marine_group (100); ESV_622",0.004832,0.000942,5.1,2.17e-12
"B2b","Cellvibrionales (100); Porticoccaceae (100); SAR92_clade (100); ESV_361","SAR92_clade (100); ESV_361",0.004775,0.001042,4.6,6.94e-06
"C1a","Flavobacteriales (100); Flavobacteriaceae (100); Dokdonia (98); ESV_2131","Dokdonia (98); ESV_2131",0.000289,2e-06,99.3,0.000731
"C1a","Kiritimatiellales (100); Kiritimatiellaceae (100); R76-B128 (100); ESV_2333","R76-B128 (100); ESV_2333",0.000701,1.1e-05,60.4,0.000731
"C1a","Flavobacteriales (100); Crocinitomicaceae (100); Fluviicola (100); ESV_210","Fluviicola (100); ESV_210",0.001927,6.6e-05,28.7,6.71e-14
"C1a","Nitrosopumilales (100); Nitrosopumilaceae (100); Candidatus_Nitrosopumilus (100); ESV_910","Candidatus_Nitrosopumilus (100); ESV_910",0.001499,5.7e-05,26,3.27e-05
"C1a","Flavobacteriales (100); Flavobacteriaceae (100); Lutimonas (100); ESV_1235","Lutimonas (100); ESV_1235",0.002061,8.9e-05,22.9,0.0219
"C1a","Flavobacteriales (100); Flavobacteriaceae (100); Lutimonas (56); ESV_1019","Lutimonas (56); ESV_1019",0.001308,7.8e-05,16.6,0.000133
"C1a","Cellvibrionales (100); Halieaceae (100); Halioglobus (99); ESV_1882","Halioglobus (99); ESV_1882",0.001519,1e-04,15.1,0.00649
"C1a","Alteromonadales (100); Psychromonadaceae (100); Psychromonas (100); ESV_559","Psychromonas (100); ESV_559",0.003485,0.000329,10.6,6.98e-07
"C1a","Flavobacteriales (96); NS9_marine_group (92); NS9_marine_group_ge (92); ESV_238","NS9_marine_group_ge (92); ESV_238",0.016497,0.001717,9.6,8.37e-10
"C1a","Flavobacteriales (100); NS9_marine_group (100); NS9_marine_group_ge (100); ESV_266","NS9_marine_group_ge (100); ESV_266",0.012783,0.001423,9,4.45e-11
"C1b","Pirellulales (100); Pirellulaceae (100); Blastopirellula (100); ESV_2431","Blastopirellula (100); ESV_2431",0.002557,0,2558.1,4.46e-15
"C1b","Nostocales (5); Phormidiaceae (4); Trichodesmium_IMS101 (4); ESV_3693","Trichodesmium_IMS101 (4); ESV_3693",0.002399,0,2399.9,7.05e-14
"C1b","Enterobacteriales (12); Enterobacteriaceae (12); endosymbionts2 (7); ESV_967","endosymbionts2 (7); ESV_967",0.000928,0,928.8,4.77e-06
"C1b","SAR86_clade (100); SAR86_clade_fa (100); SAR86_clade_ge (100); ESV_1859","SAR86_clade_ge (100); ESV_1859",0.000499,0,500,5.58e-05
"C1b","Clostridiales (15); Lachnospiraceae (9); probable_genus_10 (2); ESV_7663","probable_genus_10 (2); ESV_7663",0.000496,0,497.3,0.000623
"C1b","Nitrospinales (100); Nitrospinaceae (100); LS-NOB (79); ESV_1069","LS-NOB (79); ESV_1069",0.000467,0,468.3,5.58e-05
"C1b","Thiotrichales (2); Thiotrichaceae (2); uncultured (2); ESV_1880","uncultured (2); ESV_1880",0.000439,0,440.4,4.09e-07
"C1b","Micavibrionales (84); Micavibrionaceae (83); uncultured (82); ESV_8329","uncultured (82); ESV_8329",0.000313,0,313.8,5.58e-05
"C1b","Bdellovibrionales (96); Bdellovibrionaceae (96); OM27_clade (96); ESV_2031","OM27_clade (96); ESV_2031",0.000224,0,224.5,0.000623
"C1b","Chitinophagales (100); Saprospiraceae (99); Aureispira (99); ESV_789","Aureispira (99); ESV_789",0.001027,4e-06,212.8,4.01e-08
"C2a","Betaproteobacteriales (100); Methylophilaceae (100); OM43_clade (88); ESV_2652","OM43_clade (88); ESV_2652",0.00393,0,3930.8,2.17e-12
"C2a","Nostocales (100); Microcystaceae (100); Atelocyanobacterium_(UCYN-A) (99); ESV_2177","Atelocyanobacterium_(UCYN-A) (99); ESV_2177",0.00099,0,991.5,1.82e-09
"C2a","Opitutales (100); Opitutaceae (94); Diplosphaera (66); ESV_1076","Diplosphaera (66); ESV_1076",0.000908,0,908.7,1.78e-15
"C2a","Opitutales (98); Puniceicoccaceae (94); Pelagicoccus (93); ESV_931","Pelagicoccus (93); ESV_931",0.000513,0,513.9,1.82e-09
"C2a","JGI_0000069-P22 (18); JGI_0000069-P22_fa (18); JGI_0000069-P22_ge (18); ESV_1333","JGI_0000069-P22_ge (18); ESV_1333",0.002389,7e-06,297.5,8.65e-20
"C2a","Rhodospirillales (100); Magnetospiraceae (100); uncultured (100); ESV_844","uncultured (100); ESV_844",0.004957,5.5e-05,89,1.89e-23
"C2a","Thiotrichales (100); Thiotrichaceae (100); uncultured (100); ESV_1077","uncultured (100); ESV_1077",0.000941,1.3e-05,67.2,1.06e-15
"C2a","Oceanospirillales (100); Litoricolaceae (100); Litoricola (100); ESV_1803","Litoricola (100); ESV_1803",0.003875,6.1e-05,62,4.52e-24
"C2a","Cytophagales (93); Cyclobacteriaceae (58); uncultured (36); ESV_3179","uncultured (36); ESV_3179",0.000762,1.4e-05,52.2,1.03e-05
"C2a","Flavobacteriales (100); Flavobacteriaceae (100); NS5_marine_group (100); ESV_257","NS5_marine_group (100); ESV_257",0.009338,0.000237,39.3,8.58e-18
"C2b1","Flavobacteriales (100); Flavobacteriaceae (100); Formosa (62); ESV_565","Formosa (62); ESV_565",0.010028,9.9e-05,100.5,4.09e-07
"C2b1","Tenderiales (94); Tenderiaceae (94); Candidatus_Tenderia (94); ESV_2955","Candidatus_Tenderia (94); ESV_2955",0.001043,5.5e-05,18.7,0.000415
"C2b1","Flavobacteriales (100); Flavobacteriaceae (100); NS3a_marine_group (98); ESV_387","NS3a_marine_group (98); ESV_387",0.007952,0.000511,15.5,2.04e-06
"C2b1","Rickettsiales (5); Anaplasmataceae (1); Wolbachia (1); ESV_1127","Wolbachia (1); ESV_1127",0.004897,0.000326,15,0.0185
"C2b1","Flavobacteriales (100); Flavobacteriaceae (100); NS5_marine_group (62); ESV_101","NS5_marine_group (62); ESV_101",0.054736,0.004642,11.8,5.57e-09
"C2b1","Nitrosopumilales (100); Nitrosopumilaceae (100); Candidatus_Nitrosopumilus (100); ESV_36","Candidatus_Nitrosopumilus (100); ESV_36",0.000818,8.1e-05,10,0.0025
"C2b1","Betaproteobacteriales (100); Burkholderiaceae (81); RS62_marine_group (51); ESV_288","RS62_marine_group (51); ESV_288",0.013195,0.001439,9.2,9.41e-09
"C2b1","Flavobacteriales (100); Cryomorphaceae (100); NS10_marine_group (100); ESV_1155","NS10_marine_group (100); ESV_1155",0.009444,0.001714,5.5,1.04e-05
"C2b1","Cellvibrionales (100); Halieaceae (100); OM60(NOR5)_clade (99); ESV_15","OM60(NOR5)_clade (99); ESV_15",0.024505,0.004809,5.1,4.02e-07
"C2b1","Flavobacteriales (100); Flavobacteriaceae (100); NS2b_marine_group (100); ESV_148","NS2b_marine_group (100); ESV_148",0.007251,0.001458,5,7.32e-06
"C2b2","Flavobacteriales (100); NS9_marine_group (100); NS9_marine_group_ge (100); ESV_1752","NS9_marine_group_ge (100); ESV_1752",0.000446,0,446.9,0.000468
"C2b2","OM190_or (2); OM190_fa (2); OM190_ge (2); ESV_3157","OM190_ge (2); ESV_3157",0.000108,0,108.6,0.000468
"C2b2","Flavobacteriales (97); Cryomorphaceae (88); NS10_marine_group (88); ESV_8708","NS10_marine_group (88); ESV_8708",0.000385,4e-06,80.3,0.00555
"C2b2","Sphingobacteriales (90); NS11-12_marine_group (84); NS11-12_marine_group_ge (84); ESV_1679","NS11-12_marine_group_ge (84); ESV_1679",0.000114,2e-06,40.7,0.000495
"C2b2","Flavobacteriales (76); Cryomorphaceae (27); uncultured (21); ESV_1451","uncultured (21); ESV_1451",0.002317,9.6e-05,24,2.06e-11
"C2b2","Betaproteobacteriales (100); Methylophilaceae (100); Methylotenera (99); ESV_568","Methylotenera (99); ESV_568",0.007586,0.000868,8.7,8.51e-17
"C2b2","Chromatiales (65); Sedimenticolaceae (65); uncultured (65); ESV_208","uncultured (65); ESV_208",0.000776,0.000108,7.1,7.38e-07
"C2b2","Kordiimonadales (100); uncultured (100); uncultured_ge (100); ESV_264","uncultured_ge (100); ESV_264",0.002995,0.000453,6.6,3.33e-09
"C2b2","Microtrichales (100); Microtrichaceae (100); Sva0996_marine_group (100); ESV_343","Sva0996_marine_group (100); ESV_343",0.00062,9.4e-05,6.5,7.45e-07
"C2b2","SAR324_clade(Marine_group_B) (100); SAR324_clade(Marine_group_B)_fa (100); SAR324_clade(Marine_group_B)_ge (100); ESV_610","SAR324_clade(Marine_group_B)_ge (100); ESV_610",0.000479,1e-04,4.7,0.0391
